pollutant,total_emissions,mean_emissions,count
Carbon Monoxide,8070434.86073,1772.5532309971447,4553
Volatile Organic Compounds,2368212.6611,365.070550501002,6487
PM10 Primary (Filt + Cond),1266915.05513,263.3371555040532,4811
PM2.5 Primary (Filt + Cond),706907.08627,150.50182803278688,4697
Nitrogen Oxides,173460.85422,39.45879304367607,4396
Ammonia,166428.74311,44.36916638496401,3751
Sulfur Dioxide,49305.75619,14.85113138253012,3320
